-- --------------------------------------------------------
-- Host:                         127.0.0.1
-- Server version:               8.3.0 - MySQL Community Server - GPL
-- Server OS:                    Win64
-- HeidiSQL Version:             12.6.0.6765
-- --------------------------------------------------------

/*!40101 SET @OLD_CHARACTER_SET_CLIENT=@@CHARACTER_SET_CLIENT */;
/*!40101 SET NAMES utf8 */;
/*!50503 SET NAMES utf8mb4 */;
/*!40103 SET @OLD_TIME_ZONE=@@TIME_ZONE */;
/*!40103 SET TIME_ZONE='+00:00' */;
/*!40014 SET @OLD_FOREIGN_KEY_CHECKS=@@FOREIGN_KEY_CHECKS, FOREIGN_KEY_CHECKS=0 */;
/*!40101 SET @OLD_SQL_MODE=@@SQL_MODE, SQL_MODE='NO_AUTO_VALUE_ON_ZERO' */;
/*!40111 SET @OLD_SQL_NOTES=@@SQL_NOTES, SQL_NOTES=0 */;


-- Dumping database structure for healthyapp
CREATE DATABASE IF NOT EXISTS `healthyapp` /*!40100 DEFAULT CHARACTER SET utf8mb4 COLLATE utf8mb4_unicode_ci */ /*!80016 DEFAULT ENCRYPTION='N' */;
USE `healthyapp`;

-- Dumping structure for table healthyapp.account
CREATE TABLE IF NOT EXISTS `account` (
  `id` int NOT NULL AUTO_INCREMENT,
  `email` varchar(255) COLLATE utf8mb4_unicode_ci DEFAULT NULL,
  `password` varchar(255) COLLATE utf8mb4_unicode_ci DEFAULT NULL,
  `created_at` timestamp NULL DEFAULT (now()),
  `authenticated` tinyint(1) DEFAULT NULL,
  PRIMARY KEY (`id`)
) ENGINE=InnoDB AUTO_INCREMENT=4 DEFAULT CHARSET=utf8mb4 COLLATE=utf8mb4_unicode_ci;

-- Dumping data for table healthyapp.account: ~1 rows (approximately)
INSERT INTO `account` (`id`, `email`, `password`, `created_at`, `authenticated`) VALUES
	(1, 'manhthang085213@gmail.com', '$2b$12$2mttOZXpt.76CLOxvEGerehy2fsufpNGR47mYNqKa/Ay9Nsqfrmv2', '2024-04-23 00:36:45', 1);

-- Dumping structure for table healthyapp.cannot_eat
CREATE TABLE IF NOT EXISTS `cannot_eat` (
  `disease_id` int NOT NULL,
  `ingredient_id` int NOT NULL,
  PRIMARY KEY (`disease_id`,`ingredient_id`),
  KEY `ingredient_id` (`ingredient_id`),
  CONSTRAINT `cannot_eat_ibfk_1` FOREIGN KEY (`ingredient_id`) REFERENCES `ingredient` (`id`),
  CONSTRAINT `cannot_eat_ibfk_2` FOREIGN KEY (`disease_id`) REFERENCES `disease` (`id`)
) ENGINE=InnoDB DEFAULT CHARSET=utf8mb4 COLLATE=utf8mb4_unicode_ci;

-- Dumping data for table healthyapp.cannot_eat: ~78 rows (approximately)
INSERT INTO `cannot_eat` (`disease_id`, `ingredient_id`) VALUES
	(1, 1),
	(2, 1),
	(1, 5),
	(2, 5),
	(1, 6),
	(1, 7),
	(2, 7),
	(1, 8),
	(2, 8),
	(1, 9),
	(2, 9),
	(1, 10),
	(2, 10),
	(1, 11),
	(2, 11),
	(1, 12),
	(2, 12),
	(1, 13),
	(2, 13),
	(2, 14),
	(1, 15),
	(2, 15),
	(2, 16),
	(1, 21),
	(1, 22),
	(1, 26),
	(2, 26),
	(2, 27),
	(2, 28),
	(1, 29),
	(1, 30),
	(1, 31),
	(1, 32),
	(1, 34),
	(1, 35),
	(1, 39),
	(2, 39),
	(2, 40),
	(2, 41),
	(1, 42),
	(2, 42),
	(2, 43),
	(1, 44),
	(2, 44),
	(1, 46),
	(2, 46),
	(1, 47),
	(2, 47),
	(2, 48),
	(1, 49),
	(2, 49),
	(2, 72),
	(2, 73),
	(2, 74),
	(2, 78),
	(1, 80),
	(2, 80),
	(1, 120),
	(1, 122),
	(1, 123),
	(1, 127),
	(1, 128),
	(1, 130),
	(1, 131),
	(1, 136),
	(1, 137),
	(1, 138),
	(1, 139),
	(1, 141),
	(2, 141),
	(1, 145),
	(2, 145),
	(1, 146),
	(1, 147),
	(1, 148),
	(2, 148),
	(1, 149),
	(2, 149);

-- Dumping structure for table healthyapp.disease
CREATE TABLE IF NOT EXISTS `disease` (
  `id` int NOT NULL AUTO_INCREMENT,
  `disease_name` varchar(255) COLLATE utf8mb4_unicode_ci DEFAULT NULL,
  PRIMARY KEY (`id`)
) ENGINE=InnoDB AUTO_INCREMENT=4 DEFAULT CHARSET=utf8mb4 COLLATE=utf8mb4_unicode_ci;

-- Dumping data for table healthyapp.disease: ~2 rows (approximately)
INSERT INTO `disease` (`id`, `disease_name`) VALUES
	(1, 'Tiểu đường'),
	(2, 'Huyết áp cao'),
	(3, 'Không');

-- Dumping structure for table healthyapp.dish
CREATE TABLE IF NOT EXISTS `dish` (
  `id` int NOT NULL AUTO_INCREMENT,
  `name` varchar(255) COLLATE utf8mb4_unicode_ci DEFAULT NULL,
  `calo` float DEFAULT NULL,
  `carb` float DEFAULT NULL,
  `fat` float DEFAULT NULL,
  `protein` float DEFAULT NULL,
  `canxi` float DEFAULT NULL,
  `img` varchar(255) COLLATE utf8mb4_unicode_ci DEFAULT NULL,
  `is_premium` tinyint(1) DEFAULT NULL,
  `main_category` varchar(255) COLLATE utf8mb4_unicode_ci DEFAULT NULL,
  PRIMARY KEY (`id`)
) ENGINE=InnoDB AUTO_INCREMENT=77 DEFAULT CHARSET=utf8mb4 COLLATE=utf8mb4_unicode_ci;

-- Dumping data for table healthyapp.dish: ~76 rows (approximately)
INSERT INTO `dish` (`id`, `name`, `calo`, `carb`, `fat`, `protein`, `canxi`, `img`, `is_premium`, `main_category`) VALUES
	(1, 'Cơm gạo tẻ', 271.94, 60, 0.79, 6.25, 23.72, NULL, 0, 'Grains'),
	(2, 'Cơm gạo lứt', 284.34, 60, 2.23, 6.18, 13.19, NULL, 0, 'Grains'),
	(3, 'Khoai lang luộc', 250.53, 60, 0.42, 1.68, 71.58, NULL, 0, 'Grains'),
	(4, 'Ngô nếp luộc', 253.8, 50, 3.34, 5.93, 27.36, NULL, 0, 'Grains'),
	(5, 'Ngô vàng luộc', 255.04, 50, 3.39, 6.2, 21.61, NULL, 0, 'Grains'),
	(6, 'Thịt heo hầm cà rốt', 281.33, 3.12, 23.32, 14.63, 25.61, NULL, 0, 'Protein'),
	(7, 'Thịt heo rang xả ớt', 220.73, 0, 18.24, 14.03, 8.41, NULL, 0, 'Protein'),
	(8, 'Đậu hũ kho trứng cút', 218.21, 1.08, 15.47, 18.67, 51.2, NULL, 0, 'Protein'),
	(9, 'Đậu phụ non sốt thịt bằm', 355.75, 40, 10.25, 25.26, 579.77, NULL, 0, 'Protein'),
	(10, 'Đậu hũ nhồi thịt sốt cà chua', 324.52, 1.61, 24.97, 23.27, 36.68, NULL, 0, 'Protein'),
	(11, 'Bò sốt vang', 246.91, 27.88, 7.35, 17.29, 48.23, NULL, 0, 'Protein'),
	(12, 'Cá thu kho tiêu xanh', 127.81, 0, 7.92, 14.03, 39.23, NULL, 0, 'Protein'),
	(13, 'Cá ngừ kho thơm', 92.22, 4.2, 0.33, 18.09, 48.24, NULL, 0, 'Protein'),
	(14, 'Sữa bò tươi', 61.67, 4, 3.67, 3.25, 100, NULL, 0, 'Dairy'),
	(15, 'Bưởi', 24, 5.84, 0, 0.16, 18.4, NULL, 0, 'Fruits'),
	(16, 'Cam', 30.4, 6.64, 0.08, 0.72, 27.2, NULL, 0, 'Fruits'),
	(17, 'Chôm chôm', 57.6, 13.12, 0, 1.2, 22.4, NULL, 0, 'Fruits'),
	(18, 'Chuối tiêu', 19.2, 3.6, 0.24, 0.72, 0, NULL, 0, 'Fruits'),
	(19, 'Dưa hấu', 77.6, 17.76, 0.16, 1.2, 6.4, NULL, 0, 'Fruits'),
	(20, 'Đu đủ chín', 44.8, 99.2, 0.24, 0.72, 9.6, NULL, 0, 'Fruits'),
	(21, 'Dứa (thơm, khóm)', 12.8, 1.84, 0.16, 0.96, 6.4, NULL, 0, 'Fruits'),
	(22, 'Hồng xiêm', 28.8, 6.08, 0.08, 0.8, 32, NULL, 0, 'Fruits'),
	(23, 'Mãng cầu (na)', 23.2, 5.2, 0, 0.64, 12, NULL, 0, 'Fruits'),
	(24, 'Nhãn', 38.4, 8, 0.56, 0.4, 41.6, NULL, 0, 'Fruits'),
	(25, 'Nho ta', 42.4, 8.08, 0.48, 1.44, 30.4, NULL, 0, 'Fruits'),
	(26, 'Quả bơ', 40, 8.88, 0.24, 0.48, 16.8, NULL, 0, 'Fruits'),
	(27, 'Quả thanh long', 38.4, 8.72, 0.08, 0.72, 16.8, NULL, 0, 'Fruits'),
	(28, 'Quả quýt', 47.2, 2.48, 0, 0.32, 32, NULL, 0, 'Fruits'),
	(29, 'Canh bầu nấu tôm', 43.33, 2.55, 0.37, 7.48, 38.65, NULL, 0, 'Vegetables'),
	(30, 'Canh bắp cải cuộn tôm thịt', 65.18, 4.43, 1.55, 8.44, 55.52, NULL, 0, 'Vegetables'),
	(31, 'Canh cua mướp rau đay', 96.11, 4.73, 3.08, 12.43, 211.64, NULL, 0, 'Vegetables'),
	(32, 'Canh bí đỏ đậu phộng', 98.79, 5.75, 7.58, 1.78, 23.02, NULL, 0, 'Vegetables'),
	(33, 'Sữa chua', 101.67, 6, 6.17, 5.5, 200, NULL, 0, 'Dairy'),
	(34, 'Canh chua cá chép', 121.2, 7.64, 3.23, 15.6, 89.68, NULL, 0, 'Vegetables'),
	(35, 'Canh bí đao thịt băm', 36.97, 2.26, 1.29, 4.08, 28.49, NULL, 0, 'Vegetables'),
	(36, 'Gà hầm rau củ', 223.38, 18.18, 9.23, 16.9, 68.19, NULL, 0, 'Protein'),
	(37, 'Cà chua xào trứng', 166.79, 2.41, 11.05, 14.34, 63.23, NULL, 0, 'Protein'),
	(38, 'Canh ốc nhồi chuối đậu', 129.65, 16.02, 3.11, 9.61, 437.43, NULL, 0, 'Vegetables'),
	(39, 'Cháo thịt bò', 192.66, 33.46, 1.75, 10.82, 39.46, NULL, 0, 'Grains'),
	(40, 'Cháo khoai lang phô mai', 162.73, 30.34, 2.43, 4.9, 68.26, NULL, 0, 'Grains'),
	(41, 'Cháo cà rốt nấu tôm', 187.57, 33.46, 1.16, 10.82, 461.55, NULL, 0, 'Grains'),
	(42, 'Cháo đậu xanh', 206.06, 41.4, 0.9, 8.1, 31.59, NULL, 0, 'Grains'),
	(43, 'Cháo gạo lứt thịt bằm', 195.14, 30.34, 3.69, 10.19, 15.57, NULL, 0, 'Grains'),
	(44, 'Smoothie xoài dứa', 128.9, 14.24, 5.62, 5.44, 160, NULL, 0, 'Dairy'),
	(45, 'Smoothie chuối bơ', 171.7, 15.8, 9.34, 6.24, 177.2, NULL, 0, 'Dairy'),
	(46, 'Smoothie táo cà rốt', 123.3, 12.44, 5.66, 5.8, 184.8, NULL, 0, 'Dairy'),
	(47, 'Cam sữa', 122.9, 12.64, 5.58, 5.6, 177.2, NULL, 0, 'Dairy'),
	(48, 'Smoothie chuối thơm xoài', 142.26, 17.31, 5.62, 5.7, 160.32, NULL, 0, 'Dairy'),
	(49, 'Smoothie dừa', 143.61, 6.86, 10.5, 5.55, 154.17, NULL, 0, 'Dairy'),
	(50, 'Sữa đậu nành cốt dừa', 113.06, 1.68, 7.5, 10.02, 58.33, NULL, 0, 'Dairy'),
	(51, 'Sữa chuối', 131.3, 14.88, 5.58, 5.48, 153.2, NULL, 0, 'Dairy'),
	(52, 'Sữa nho', 139.7, 8.48, 5.5, 5.2, 182, NULL, 0, 'Dairy'),
	(53, 'Sữa đậu nành', 131.25, 1.88, 7.5, 14.53, 84.38, NULL, 0, 'Dairy'),
	(54, 'Sữa chua xoài', 101.05, 10.14, 4.74, 4.36, 154, NULL, 0, 'Dairy'),
	(55, 'Sữa chua mít', 96.25, 8.94, 4.74, 4.36, 158.4, NULL, 0, 'Dairy'),
	(56, 'Thịt gà chiên nước mắm', 141.86, 0, 9.53, 14.03, 9.05, NULL, 0, 'Protein'),
	(57, 'Trứng đúc thịt', 163.01, 0.41, 10.89, 15.75, 46.81, NULL, 0, 'Protein'),
	(58, 'Rau cải luộc', 12.8, 1.52, 0.16, 1.36, 71.2, NULL, 0, 'Vegetables'),
	(59, 'Rau dền đỏ luộc', 32.8, 4.96, 0.24, 2.64, 230.4, NULL, 0, 'Vegetables'),
	(60, 'Rau muống luộc', 20, 1.68, 0.32, 2.56, 80, NULL, 0, 'Vegetables'),
	(61, 'Rau mồng tơi luộc', 11.2, 1.12, 0, 1.6, 140.8, NULL, 0, 'Vegetables'),
	(62, 'Súp lơ xào nấm tôm', 88.1, 5.81, 4.02, 7.2, 57.52, NULL, 0, 'Vegetables'),
	(63, 'Súp lơ luộc', 24, 3.84, 0.08, 2, 20.8, NULL, 0, 'Vegetables'),
	(64, 'Tôm hấp', 65.23, 0.72, 0.72, 14, 62.84, NULL, 0, 'Protein'),
	(65, 'Thịt heo luộc', 220.61, 0, 18.24, 14, 7.64, NULL, 0, 'Protein'),
	(66, 'Đậu đũa xào thịt bò', 149.47, 9.48, 3.01, 21.2, 64.4, NULL, 0, 'Protein'),
	(67, 'Cá lóc hấp hành', 78.14, 0.69, 2.08, 14.21, 82.03, NULL, 0, 'Protein'),
	(68, 'Cá trắm hấp bầu', 82.3, 1.5, 2.15, 14.34, 61.74, NULL, 0, 'Protein'),
	(69, 'Canh cải nấu hến', 82.8, 9.45, 1.25, 8.36, 295.2, NULL, 0, 'Vegetables'),
	(70, 'Canh giá đỗ', 36.96, 4.42, 0.16, 4.5, 36.8, NULL, 0, 'Vegetables'),
	(71, 'Cá trắm kho nghệ', 74.99, 0.01, 2.14, 14, 46.96, NULL, 0, 'Protein'),
	(72, 'Cơm nắm muối vừng', 244.97, 50.57, 2.16, 5.85, 51.43, NULL, 0, 'Grains'),
	(73, 'Cơm lam', 226.61, 50, 0.66, 5.2, 19.76, NULL, 0, 'Grains'),
	(74, 'Sữa gạo lứt đậu đen', 830.17, 130.21, 7.7, 60.27, 231.94, NULL, 0, 'Dairy'),
	(75, 'Cháo gạo lứt cốt dừa', 215.12, 40.43, 3.98, 4.45, 10.87, NULL, 0, 'Grains'),
	(76, 'Sữa bí ngô gạo nếp', 118.64, 16.44, 3.91, 4.52, 113.9, NULL, 0, 'Dairy');

-- Dumping structure for table healthyapp.favorite
CREATE TABLE IF NOT EXISTS `favorite` (
  `user_id` int NOT NULL,
  `dish_id` int NOT NULL,
  PRIMARY KEY (`user_id`,`dish_id`),
  KEY `dish_id` (`dish_id`),
  CONSTRAINT `favorite_ibfk_1` FOREIGN KEY (`user_id`) REFERENCES `user` (`id`),
  CONSTRAINT `favorite_ibfk_2` FOREIGN KEY (`dish_id`) REFERENCES `dish` (`id`)
) ENGINE=InnoDB DEFAULT CHARSET=utf8mb4 COLLATE=utf8mb4_unicode_ci;

-- Dumping data for table healthyapp.favorite: ~655 rows (approximately)
INSERT INTO `favorite` (`user_id`, `dish_id`) VALUES
	(26, 1),
	(37, 1),
	(43, 1),
	(51, 1),
	(26, 2),
	(37, 2),
	(43, 2),
	(51, 2),
	(13, 3),
	(29, 3),
	(51, 4),
	(51, 5),
	(3, 6),
	(5, 6),
	(22, 6),
	(34, 6),
	(37, 6),
	(44, 6),
	(48, 6),
	(51, 6),
	(5, 7),
	(18, 7),
	(22, 7),
	(27, 7),
	(31, 7),
	(34, 7),
	(37, 7),
	(44, 7),
	(45, 7),
	(46, 7),
	(48, 7),
	(51, 7),
	(2, 8),
	(4, 8),
	(6, 8),
	(11, 8),
	(12, 8),
	(14, 8),
	(16, 8),
	(20, 8),
	(26, 8),
	(27, 8),
	(28, 8),
	(29, 8),
	(30, 8),
	(32, 8),
	(35, 8),
	(36, 8),
	(37, 8),
	(40, 8),
	(48, 8),
	(49, 8),
	(51, 8),
	(5, 9),
	(11, 9),
	(16, 9),
	(17, 9),
	(18, 9),
	(22, 9),
	(24, 9),
	(27, 9),
	(30, 9),
	(31, 9),
	(37, 9),
	(39, 9),
	(43, 9),
	(44, 9),
	(45, 9),
	(48, 9),
	(51, 9),
	(2, 10),
	(5, 10),
	(7, 10),
	(8, 10),
	(9, 10),
	(11, 10),
	(16, 10),
	(18, 10),
	(22, 10),
	(24, 10),
	(27, 10),
	(28, 10),
	(31, 10),
	(35, 10),
	(37, 10),
	(39, 10),
	(40, 10),
	(44, 10),
	(45, 10),
	(46, 10),
	(48, 10),
	(51, 10),
	(1, 11),
	(3, 11),
	(5, 11),
	(7, 11),
	(8, 11),
	(10, 11),
	(11, 11),
	(12, 11),
	(13, 11),
	(15, 11),
	(16, 11),
	(17, 11),
	(18, 11),
	(22, 11),
	(24, 11),
	(27, 11),
	(28, 11),
	(30, 11),
	(31, 11),
	(34, 11),
	(35, 11),
	(36, 11),
	(41, 11),
	(44, 11),
	(45, 11),
	(50, 11),
	(51, 11),
	(4, 12),
	(7, 12),
	(8, 12),
	(9, 12),
	(14, 12),
	(16, 12),
	(18, 12),
	(19, 12),
	(20, 12),
	(21, 12),
	(24, 12),
	(29, 12),
	(32, 12),
	(51, 12),
	(4, 13),
	(7, 13),
	(8, 13),
	(9, 13),
	(14, 13),
	(15, 13),
	(16, 13),
	(18, 13),
	(19, 13),
	(20, 13),
	(21, 13),
	(24, 13),
	(29, 13),
	(31, 13),
	(32, 13),
	(51, 13),
	(30, 14),
	(32, 14),
	(49, 14),
	(51, 20),
	(51, 23),
	(1, 29),
	(2, 29),
	(3, 29),
	(13, 29),
	(14, 29),
	(15, 29),
	(17, 29),
	(18, 29),
	(19, 29),
	(21, 29),
	(22, 29),
	(23, 29),
	(24, 29),
	(26, 29),
	(28, 29),
	(31, 29),
	(33, 29),
	(35, 29),
	(36, 29),
	(38, 29),
	(39, 29),
	(41, 29),
	(42, 29),
	(43, 29),
	(44, 29),
	(45, 29),
	(47, 29),
	(49, 29),
	(50, 29),
	(2, 30),
	(5, 30),
	(15, 30),
	(16, 30),
	(17, 30),
	(18, 30),
	(19, 30),
	(22, 30),
	(24, 30),
	(26, 30),
	(27, 30),
	(30, 30),
	(31, 30),
	(36, 30),
	(37, 30),
	(39, 30),
	(41, 30),
	(43, 30),
	(44, 30),
	(45, 30),
	(47, 30),
	(48, 30),
	(50, 30),
	(1, 31),
	(3, 31),
	(13, 31),
	(14, 31),
	(15, 31),
	(17, 31),
	(21, 31),
	(22, 31),
	(23, 31),
	(24, 31),
	(28, 31),
	(29, 31),
	(33, 31),
	(35, 31),
	(36, 31),
	(38, 31),
	(40, 31),
	(42, 31),
	(43, 31),
	(47, 31),
	(48, 31),
	(49, 31),
	(15, 32),
	(40, 32),
	(47, 32),
	(33, 33),
	(2, 34),
	(3, 34),
	(4, 34),
	(7, 34),
	(8, 34),
	(9, 34),
	(13, 34),
	(14, 34),
	(15, 34),
	(16, 34),
	(17, 34),
	(18, 34),
	(19, 34),
	(20, 34),
	(21, 34),
	(23, 34),
	(24, 34),
	(29, 34),
	(32, 34),
	(33, 34),
	(35, 34),
	(36, 34),
	(38, 34),
	(39, 34),
	(41, 34),
	(42, 34),
	(43, 34),
	(49, 34),
	(5, 35),
	(17, 35),
	(22, 35),
	(24, 35),
	(27, 35),
	(28, 35),
	(30, 35),
	(31, 35),
	(39, 35),
	(43, 35),
	(44, 35),
	(48, 35),
	(3, 36),
	(5, 36),
	(13, 36),
	(21, 36),
	(25, 36),
	(26, 36),
	(29, 36),
	(32, 36),
	(33, 36),
	(40, 36),
	(41, 36),
	(42, 36),
	(45, 36),
	(47, 36),
	(50, 36),
	(2, 37),
	(4, 37),
	(6, 37),
	(12, 37),
	(14, 37),
	(16, 37),
	(19, 37),
	(20, 37),
	(26, 37),
	(27, 37),
	(30, 37),
	(32, 37),
	(34, 37),
	(35, 37),
	(36, 37),
	(37, 37),
	(46, 37),
	(49, 37),
	(3, 38),
	(4, 38),
	(11, 38),
	(14, 38),
	(17, 38),
	(18, 38),
	(21, 38),
	(22, 38),
	(23, 38),
	(24, 38),
	(28, 38),
	(29, 38),
	(33, 38),
	(38, 38),
	(40, 38),
	(42, 38),
	(48, 38),
	(49, 38),
	(1, 39),
	(2, 39),
	(5, 39),
	(7, 39),
	(8, 39),
	(10, 39),
	(11, 39),
	(12, 39),
	(13, 39),
	(15, 39),
	(16, 39),
	(17, 39),
	(18, 39),
	(22, 39),
	(27, 39),
	(28, 39),
	(30, 39),
	(31, 39),
	(34, 39),
	(35, 39),
	(36, 39),
	(38, 39),
	(41, 39),
	(43, 39),
	(46, 39),
	(50, 39),
	(11, 40),
	(13, 40),
	(17, 40),
	(19, 40),
	(23, 40),
	(38, 40),
	(43, 40),
	(1, 41),
	(13, 41),
	(15, 41),
	(17, 41),
	(18, 41),
	(19, 41),
	(31, 41),
	(38, 41),
	(41, 41),
	(43, 41),
	(44, 41),
	(45, 41),
	(47, 41),
	(50, 41),
	(13, 42),
	(17, 42),
	(23, 42),
	(38, 42),
	(39, 42),
	(43, 42),
	(5, 43),
	(13, 43),
	(17, 43),
	(22, 43),
	(23, 43),
	(27, 43),
	(28, 43),
	(38, 43),
	(39, 43),
	(43, 43),
	(44, 43),
	(1, 44),
	(25, 44),
	(30, 44),
	(32, 44),
	(49, 44),
	(29, 45),
	(30, 45),
	(32, 45),
	(34, 45),
	(35, 45),
	(36, 45),
	(46, 45),
	(49, 45),
	(25, 46),
	(29, 46),
	(30, 46),
	(32, 46),
	(34, 46),
	(35, 46),
	(36, 46),
	(46, 46),
	(49, 46),
	(29, 47),
	(30, 47),
	(32, 47),
	(34, 47),
	(35, 47),
	(36, 47),
	(46, 47),
	(49, 47),
	(1, 48),
	(25, 48),
	(29, 48),
	(32, 48),
	(34, 48),
	(35, 48),
	(36, 48),
	(46, 48),
	(49, 48),
	(25, 49),
	(29, 49),
	(32, 49),
	(34, 49),
	(35, 49),
	(36, 49),
	(46, 49),
	(49, 49),
	(2, 50),
	(25, 50),
	(29, 51),
	(32, 51),
	(34, 51),
	(46, 51),
	(49, 51),
	(32, 52),
	(46, 52),
	(1, 54),
	(33, 54),
	(1, 55),
	(33, 55),
	(5, 56),
	(13, 56),
	(21, 56),
	(25, 56),
	(26, 56),
	(32, 56),
	(33, 56),
	(40, 56),
	(41, 56),
	(42, 56),
	(45, 56),
	(47, 56),
	(50, 56),
	(2, 57),
	(4, 57),
	(5, 57),
	(6, 57),
	(12, 57),
	(14, 57),
	(16, 57),
	(17, 57),
	(19, 57),
	(20, 57),
	(22, 57),
	(26, 57),
	(27, 57),
	(28, 57),
	(30, 57),
	(32, 57),
	(34, 57),
	(35, 57),
	(36, 57),
	(37, 57),
	(44, 57),
	(46, 57),
	(3, 59),
	(13, 59),
	(14, 59),
	(17, 59),
	(21, 59),
	(22, 59),
	(23, 59),
	(24, 59),
	(29, 59),
	(33, 59),
	(38, 59),
	(42, 59),
	(43, 59),
	(47, 59),
	(48, 59),
	(49, 59),
	(3, 60),
	(8, 60),
	(13, 60),
	(14, 60),
	(17, 60),
	(18, 60),
	(22, 60),
	(23, 60),
	(24, 60),
	(28, 60),
	(29, 60),
	(33, 60),
	(35, 60),
	(38, 60),
	(39, 60),
	(40, 60),
	(41, 60),
	(42, 60),
	(43, 60),
	(47, 60),
	(48, 60),
	(49, 60),
	(3, 61),
	(13, 61),
	(14, 61),
	(17, 61),
	(18, 61),
	(21, 61),
	(22, 61),
	(23, 61),
	(24, 61),
	(28, 61),
	(29, 61),
	(33, 61),
	(35, 61),
	(38, 61),
	(39, 61),
	(40, 61),
	(41, 61),
	(42, 61),
	(43, 61),
	(47, 61),
	(48, 61),
	(49, 61),
	(4, 62),
	(6, 62),
	(12, 62),
	(14, 62),
	(16, 62),
	(19, 62),
	(20, 62),
	(26, 62),
	(27, 62),
	(30, 62),
	(32, 62),
	(34, 62),
	(35, 62),
	(36, 62),
	(37, 62),
	(46, 62),
	(1, 64),
	(15, 64),
	(18, 64),
	(19, 64),
	(24, 64),
	(26, 64),
	(36, 64),
	(41, 64),
	(44, 64),
	(45, 64),
	(50, 64),
	(5, 65),
	(16, 65),
	(18, 65),
	(22, 65),
	(24, 65),
	(27, 65),
	(30, 65),
	(31, 65),
	(34, 65),
	(35, 65),
	(37, 65),
	(39, 65),
	(43, 65),
	(44, 65),
	(45, 65),
	(46, 65),
	(48, 65),
	(1, 66),
	(3, 66),
	(5, 66),
	(7, 66),
	(8, 66),
	(10, 66),
	(11, 66),
	(12, 66),
	(13, 66),
	(15, 66),
	(16, 66),
	(17, 66),
	(18, 66),
	(22, 66),
	(24, 66),
	(27, 66),
	(28, 66),
	(30, 66),
	(31, 66),
	(34, 66),
	(35, 66),
	(36, 66),
	(41, 66),
	(44, 66),
	(45, 66),
	(46, 66),
	(50, 66),
	(4, 67),
	(7, 67),
	(8, 67),
	(9, 67),
	(14, 67),
	(15, 67),
	(16, 67),
	(18, 67),
	(19, 67),
	(20, 67),
	(21, 67),
	(24, 67),
	(29, 67),
	(31, 67),
	(7, 68),
	(8, 68),
	(9, 68),
	(14, 68),
	(15, 68),
	(16, 68),
	(18, 68),
	(19, 68),
	(20, 68),
	(21, 68),
	(24, 68),
	(29, 68),
	(31, 68),
	(4, 71),
	(7, 71),
	(8, 71),
	(9, 71),
	(14, 71),
	(15, 71),
	(16, 71),
	(18, 71),
	(19, 71),
	(20, 71),
	(21, 71),
	(24, 71),
	(29, 71),
	(31, 71),
	(26, 73),
	(23, 74),
	(32, 74),
	(38, 74),
	(39, 74),
	(43, 74),
	(13, 75),
	(23, 75),
	(25, 75),
	(38, 75),
	(43, 75),
	(15, 76),
	(32, 76),
	(40, 76),
	(47, 76);

-- Dumping structure for table healthyapp.ingredient
CREATE TABLE IF NOT EXISTS `ingredient` (
  `id` int NOT NULL AUTO_INCREMENT,
  `name` varchar(255) COLLATE utf8mb4_unicode_ci DEFAULT NULL,
  `calo` float DEFAULT NULL,
  `carb` float DEFAULT NULL,
  `fat` float DEFAULT NULL,
  `protein` float DEFAULT NULL,
  `canxi` float DEFAULT NULL,
  `img` varchar(255) COLLATE utf8mb4_unicode_ci DEFAULT NULL,
  `category` varchar(255) COLLATE utf8mb4_unicode_ci DEFAULT NULL,
  PRIMARY KEY (`id`)
) ENGINE=InnoDB AUTO_INCREMENT=161 DEFAULT CHARSET=utf8mb4 COLLATE=utf8mb4_unicode_ci;

-- Dumping data for table healthyapp.ingredient: ~158 rows (approximately)
INSERT INTO `ingredient` (`id`, `name`, `calo`, `carb`, `fat`, `protein`, `canxi`, `img`, `category`) VALUES
	(1, 'Gạo nếp cái', 344, 74.5, 1.5, 8.6, 32, NULL, 'Grains'),
	(2, 'Gạo tẻ máy', 344, 75.9, 1, 7.9, 30, NULL, 'Grains'),
	(3, 'Kê', 331, 69, 3, 7, 22, NULL, 'Grains'),
	(4, 'Ngô tươi', 196, 39.6, 2.3, 4.1, 4, NULL, 'Grains'),
	(5, 'Bánh bao nhân thịt', 219, 47.5, 0.5, 6.1, 19, NULL, 'Grains'),
	(6, 'Ngô vàng hạt khô', 354, 69.4, 4.7, 8.6, 30, NULL, 'Grains'),
	(7, 'Bánh đúc', 52, 11.3, 0.3, 0.9, 50, NULL, 'Grains'),
	(8, 'Bánh mì', 249, 52.6, 0.8, 7.9, 28, NULL, 'Grains'),
	(9, 'Bánh phở', 143, 31.7, 0.4, 3.2, 16, NULL, 'Grains'),
	(10, 'Bánh quẩy', 292, 40.7, 10.8, 8, 0, NULL, 'Grains'),
	(11, 'Bột gạo nếp', 362, 78.8, 1.6, 8.2, 12, NULL, 'Grains'),
	(12, 'Bột gạo tẻ', 359, 82.2, 0.4, 6.6, 24, NULL, 'Grains'),
	(13, 'Bún', 110, 25.7, 0, 1.7, 12, NULL, 'Grains'),
	(14, 'Bột ngô vàng', 361, 73, 4, 8.3, 15, NULL, 'Grains'),
	(15, 'Mì sợi', 349, 74.2, 0.9, 11, 34, NULL, 'Grains'),
	(16, 'Bột mì', 346, 73.6, 1.1, 10.3, 29, NULL, 'Grains'),
	(17, 'Ngô nếp luộc', 167, 32.9, 2.2, 3.9, 18, NULL, 'Grains'),
	(18, 'Sắn củ (khoai mì)', 152, 36.4, 0.2, 1.1, 25, NULL, 'Grains'),
	(19, 'Khoai lang củ', 119, 28.5, 0.2, 0.8, 34, NULL, 'Grains'),
	(20, 'Củ từ', 92, 21.5, 0, 1.5, 28, NULL, 'Grains'),
	(21, 'Khoai tây', 93, 20.9, 0.1, 2, 10, NULL, 'Grains'),
	(22, 'Khoai sọ', 114, 26.5, 0.1, 1.8, 64, NULL, 'Grains'),
	(23, 'Miến dong', 332, 82.2, 0.1, 0.6, 40, NULL, 'Grains'),
	(24, 'Bột khoai lang', 334, 80.2, 0.5, 2.2, 50, NULL, 'Grains'),
	(25, 'Bột sắn củ', 333, 79.6, 0.5, 2.4, 84, NULL, 'Grains'),
	(26, 'Đường cát', 390, 97.4, 0, 0, 178, NULL, 'Sugar'),
	(27, 'Cùi dừa non', 40, 2.6, 1.7, 3.5, 4, NULL, 'Fats and oils'),
	(28, 'Cùi dừa già', 368, 6.2, 36, 4.8, 30, NULL, 'Fats and oils'),
	(29, 'Đậu cove hạt', 321, 54.9, 1.6, 21.8, 96, NULL, 'Fats and oils'),
	(30, 'Đậu đen hạt', 325, 53.3, 1.7, 24.2, 56, NULL, 'Fats and oils'),
	(31, 'Đậu xanh hạt', 328, 53.1, 2.4, 23.4, 64, NULL, 'Fats and oils'),
	(32, 'Đậu tương hạt', 400, 24.6, 18.4, 34, 165, NULL, 'Fats and oils'),
	(33, 'Vừng hạt(mè)', 568, 17.6, 46.4, 20.1, 975, NULL, 'Fats and oils'),
	(34, 'Lạc hạt', 573, 15.5, 44.5, 27.5, 68, NULL, 'Fats and oils'),
	(35, 'Hạt điều', 605, 28.7, 46.3, 18.4, 28, NULL, 'Fats and oils'),
	(36, 'Đậu phụ', 95, 0.7, 5.4, 10.9, 24, NULL, 'Fats and oils'),
	(37, 'Sữa đậu nành', 28, 0.4, 1.6, 3.1, 18, NULL, 'Fats and oils'),
	(38, 'Tào phớ', 37, 6.4, 0.2, 2.3, 92, NULL, 'Fats and oils'),
	(39, 'Bơ', 756, 0.5, 83.5, 0.5, 12, NULL, 'Fats and oils'),
	(40, 'Dầu lạc', 900, 0, 100, 0, 0, NULL, 'Fats and oils'),
	(41, 'Dầu vừng', 900, 0, 100, 0, 0, NULL, 'Fats and oils'),
	(42, 'Mỡ lợn nước', 896, 0, 99.6, 0, 2, NULL, 'Fats and oils'),
	(43, 'Thịt bò loại 1', 118, 0, 3.8, 21, 12, NULL, 'Protein'),
	(44, 'Thịt bò lưng nạc và mỡ', 182, 0, 10.7, 21.5, 5, NULL, 'Protein'),
	(45, 'Thịt gà ta', 199, 0, 13.1, 20.3, 12, NULL, 'Protein'),
	(46, 'Thịt lợn nửa nạc nửa mỡ', 260, 0, 21.5, 16.5, 9, NULL, 'Protein'),
	(47, 'Thịt lợn mỡ', 394, 0, 37.3, 14.5, 8, NULL, 'Protein'),
	(48, 'Thịt lợn nạc', 139, 0, 7, 19, 7, NULL, 'Protein'),
	(49, 'Ruốc thịt lợn', 369, 0, 20.3, 46.6, 29, NULL, 'Protein'),
	(50, 'Cá chép', 96, 0, 3.6, 16, 17, NULL, 'Protein'),
	(51, 'Cá thu', 166, 0, 10.3, 18.2, 50, NULL, 'Protein'),
	(52, 'Cá ngừ', 87, 0, 0.3, 21, 44, NULL, 'Protein'),
	(53, 'Cá nục', 111, 0, 3.3, 20.2, 85, NULL, 'Protein'),
	(54, 'Cá quả (cá lóc)', 97, 0, 2.7, 18.2, 90, NULL, 'Protein'),
	(55, 'Cá rô', 126, 0, 5.5, 19.1, 26, NULL, 'Protein'),
	(56, 'Cá trôi', 127, 0, 5.7, 18.8, 76, NULL, 'Protein'),
	(57, 'Cá trắm', 91, 0, 2.6, 17, 57, NULL, 'Protein'),
	(58, 'Cá trê', 173, 0, 11.9, 16.5, 20, NULL, 'Protein'),
	(59, 'Cua đồng', 87, 2, 3.3, 12.3, 120, NULL, 'Protein'),
	(60, 'Hến', 45, 5.1, 0.7, 4.5, 144, NULL, 'Protein'),
	(61, 'Trai', 38, 2.5, 1.1, 4.6, 668, NULL, 'Protein'),
	(62, 'Lươn', 180, 0.2, 11.7, 18.4, 35, NULL, 'Protein'),
	(63, 'Rạm tươi', 77, 0, 2.8, 12.9, 3520, NULL, 'Protein'),
	(64, 'Tôm đồng', 90, 0, 1.8, 18.4, 1120, NULL, 'Protein'),
	(65, 'Tôm khô', 347, 2.5, 3.8, 75.6, 236, NULL, 'Protein'),
	(66, 'Tôm biển', 82, 0.9, 0.9, 17.6, 79, NULL, 'Protein'),
	(67, 'Tép gạo', 58, 0, 1.2, 11.7, 910, NULL, 'Protein'),
	(68, 'Tép khô', 269, 0.7, 3, 59.8, 200, NULL, 'Protein'),
	(69, 'Ốc đá', 63, 3.9, 0.3, 11.2, 1660, NULL, 'Protein'),
	(70, 'Ốc nhồi', 84, 7.6, 0.7, 11.9, 1357, NULL, 'Protein'),
	(71, 'Ốc vặn', 72, 4.3, 0.7, 12.2, 1356, NULL, 'Protein'),
	(72, 'Trứng chim cút', 154, 0.4, 11.1, 13.1, 64, NULL, 'Protein'),
	(73, 'Trứng gà', 166, 0.5, 11.6, 14.8, 55, NULL, 'Protein'),
	(74, 'Trứng vịt', 184, 1, 14.2, 13, 71, NULL, 'Protein'),
	(75, 'Sữa bò tươi', 74, 4.8, 4.4, 3.9, 120, NULL, 'Dairy'),
	(76, 'Sữa mẹ', 61, 7, 3, 1.5, 34, NULL, 'Dairy'),
	(77, 'Sữa chua', 61, 3.6, 3.7, 3.3, 120, NULL, 'Dairy'),
	(78, 'Sữa bột toàn phần', 494, 38, 26, 27, 939, NULL, 'Dairy'),
	(79, 'Phomat', 380, 0, 30.9, 25.5, 760, NULL, 'Dairy'),
	(80, 'Sữa đặc có đường\r\nViệt Nam', 336, 56, 8.8, 8.1, 307, NULL, 'Dairy'),
	(81, 'Bầu', 14, 2.9, 0.02, 0.6, 21, NULL, 'Vegetables'),
	(82, 'Bí đao(Bí xanh)', 12, 2.4, 0, 0.6, 26, NULL, 'Vegetables'),
	(83, 'Bí ngô (bí đỏ)', 27, 6.1, 0.1, 0.3, 24, NULL, 'Vegetables'),
	(84, 'Cà bát', 23, 4, 0.2, 1.2, 12, NULL, 'Vegetables'),
	(85, 'Cà chua', 20, 4, 0.2, 0.6, 12, NULL, 'Vegetables'),
	(86, 'Cà rốt', 39, 7.8, 0.2, 1.5, 43, NULL, 'Vegetables'),
	(87, 'Cải bắp', 29, 5.3, 0.1, 1.8, 48, NULL, 'Vegetables'),
	(88, 'Cải cúc', 14, 1.9, 0, 1.6, 63, NULL, 'Vegetables'),
	(89, 'Cải soong', 15, 1.3, 0.1, 2.1, 69, NULL, 'Vegetables'),
	(90, 'Cải thìa', 17, 2.4, 0.2, 1.4, 50, NULL, 'Vegetables'),
	(91, 'Cải xanh', 16, 1.9, 0.2, 1.7, 89, NULL, 'Vegetables'),
	(92, 'Cần ta', 10, 1.5, 0, 1, 310, NULL, 'Vegetables'),
	(93, 'Chuối xanh', 74, 16.4, 0.5, 1.2, 26, NULL, 'Vegetables'),
	(94, 'Củ cải trắng', 21, 3.6, 0.1, 1.5, 40, NULL, 'Vegetables'),
	(95, 'Củ đậu', 28, 6, 0, 1, 8, NULL, 'Vegetables'),
	(96, 'Đậu đũa', 59, 7.9, 0.4, 6, 47, NULL, 'Vegetables'),
	(97, 'Đậu cove', 73, 13.3, 0, 5, 26, NULL, 'Vegetables'),
	(98, 'Đậu Hà Lan', 72, 10.6, 0.4, 6.5, 57, NULL, 'Vegetables'),
	(99, 'Đậu rồng', 34, 6.3, 0.1, 1.9, 63, NULL, 'Vegetables'),
	(100, 'Giá đậu xanh', 44, 5.1, 0.2, 5.5, 38, NULL, 'Vegetables'),
	(101, 'Hành lá xanh', 22, 4.3, 0, 1.3, 80, NULL, 'Vegetables'),
	(102, 'Hành tây củ', 41, 8.2, 0.1, 1.8, 38, NULL, 'Vegetables'),
	(103, 'Hạt sen tươi', 161, 29.5, 0.5, 9.5, 76, NULL, 'Vegetables'),
	(104, 'Hạt sen khô', 334, 58, 2.4, 20, 89, NULL, 'Vegetables'),
	(105, 'Mướp', 17, 2.8, 0.2, 0.9, 28, NULL, 'Vegetables'),
	(106, 'Rau bí', 18, 1.7, 0, 2.7, 100, NULL, 'Vegetables'),
	(107, 'Rau dền trắng', 42, 6.3, 0.4, 3.2, 288, NULL, 'Vegetables'),
	(108, 'Rau dền đỏ', 41, 6.2, 0.3, 3.3, 288, NULL, 'Vegetables'),
	(109, 'Rau đay', 25, 3, 0.3, 2.8, 182, NULL, 'Vegetables'),
	(110, 'Rau mồng tơi', 14, 1.4, 0, 2, 176, NULL, 'Vegetables'),
	(111, 'Rau muống', 25, 2.1, 0.4, 3.2, 100, NULL, 'Vegetables'),
	(112, 'Rau tàu bay', 18, 1.9, 0, 2.5, 81, NULL, 'Vegetables'),
	(113, 'Rau ngót', 35, 3.4, 0, 5.3, 169, NULL, 'Vegetables'),
	(114, 'Su hào', 37, 6.2, 0.1, 2.8, 46, NULL, 'Vegetables'),
	(115, 'Súp lơ trắng', 30, 4.8, 0.1, 2.5, 26, NULL, 'Vegetables'),
	(116, 'Nấm mỡ tươi', 32, 3.4, 0.3, 4, 28, NULL, 'Vegetables'),
	(117, 'Nấm rơm', 57, 3.4, 3.2, 3.6, 28, NULL, 'Vegetables'),
	(118, 'Bưởi', 30, 7.3, 0, 0.2, 23, NULL, 'Fruits'),
	(119, 'Cam', 38, 8.3, 0.1, 0.9, 34, NULL, 'Fruits'),
	(120, 'Chôm chôm', 72, 16.4, 0, 1.5, 28, NULL, 'Fruits'),
	(121, 'Chanh', 24, 4.5, 0.3, 0.9, 0, NULL, 'Fruits'),
	(122, 'Chuối tiêu', 97, 22.2, 0.2, 1.5, 8, NULL, 'Fruits'),
	(123, 'Chuối tây', 56, 124, 0.3, 0.9, 12, NULL, 'Fruits'),
	(124, 'Dưa hấu', 16, 2.3, 0.2, 1.2, 8, NULL, 'Fruits'),
	(125, 'Đu đủ chín', 36, 7.6, 0.1, 1, 40, NULL, 'Fruits'),
	(126, 'Dứa (thơm, khóm)', 29, 6.5, 0, 0.8, 15, NULL, 'Fruits'),
	(127, 'Hồng xiêm', 48, 10, 0.7, 0.5, 52, NULL, 'Fruits'),
	(128, 'Mãng cầu (na)', 53, 10.1, 0.6, 1.8, 38, NULL, 'Fruits'),
	(129, 'Mít dai', 50, 11.1, 0.3, 0.6, 21, NULL, 'Fruits'),
	(130, 'Nhãn', 48, 10.9, 0.1, 0.9, 21, NULL, 'Fruits'),
	(131, 'Nho ta', 59, 3.1, 0, 0.4, 40, NULL, 'Fruits'),
	(132, 'Quả bơ vỏ xanh', 101, 2.3, 9.4, 1.9, 60, NULL, 'Fruits'),
	(133, 'Quả thanh long', 40, 8.7, 0, 1.3, 11, NULL, 'Fruits'),
	(134, 'Quả quýt', 39, 8.3, 0.3, 0.8, 35, NULL, 'Fruits'),
	(135, 'Táo tây', 48, 11, 0.2, 0.5, 19, NULL, 'Fruits'),
	(136, 'Quả vải', 45, 9.6, 0.4, 0.7, 6, NULL, 'Fruits'),
	(137, 'Vú sữa', 42, 9.4, 0, 1, 68, NULL, 'Fruits'),
	(138, 'Xoài', 62, 14.1, 0.3, 0.6, 10, NULL, 'Fruits'),
	(139, 'Quả trứng gà', 106, 21.3, 0.4, 4.3, 101, NULL, 'Fruits'),
	(140, 'Quả táo ta', 38, 8.3, 0.2, 0.8, 44, NULL, 'Fruits'),
	(141, 'Nước mắm cá loại đặc biệt', 60, 0, 0, 15, 387, NULL, 'Salt and sauces'),
	(142, 'Gừng tươi', 29, 5.1, 0.8, 0.4, 60, NULL, 'Salt and sauces'),
	(143, 'Muối', 0, 0, 0, 0, 150, NULL, 'Salt and sauces'),
	(144, 'Nghệ tươi', 25, 4.4, 0.3, 1.1, 12, NULL, 'Salt and sauces'),
	(145, 'Magi', 65, 5.6, 0.1, 10.5, 20, NULL, 'Salt and sauces'),
	(146, 'Tương ngô', 75, 14.5, 0.1, 3.9, 0, NULL, 'Salt and sauces'),
	(147, 'Tương nếp', 86, 15.7, 0.7, 4.3, 0, NULL, 'Salt and sauces'),
	(148, 'Xì dầu', 53, 6.8, 0.04, 6.3, 19, NULL, 'Salt and sauces'),
	(149, 'Sốt mayonnaise', 701, 0.1, 77.8, 0, 7, NULL, 'Salt and sauces'),
	(150, 'Tỏi ', 0, 0, 0, 0, 0, NULL, 'Spice'),
	(151, 'Ớt', 0, 0, 0, 0, 0, NULL, 'Spice'),
	(152, 'Hành tây', 0, 0, 0, 0, 0, NULL, 'Spice'),
	(153, 'Hành tím', 0, 0, 0, 0, 0, NULL, 'Spice'),
	(154, 'Chanh', 0, 0, 0, 0, 0, NULL, 'Spice'),
	(155, 'Xả', 0, 0, 0, 0, 0, NULL, 'Spice'),
	(156, 'Hành lá', 0, 0, 0, 0, 0, NULL, 'Spice'),
	(157, 'Rau mùi', 0, 0, 0, 0, 0, NULL, 'Spice'),
	(158, 'Gia vị', 0, 0, 0, 0, 0, NULL, 'Spice'),
	(159, 'Tiêu', 0, 0, 0, 0, 0, NULL, 'Spice'),
	(160, 'Gạo lứt', 345, 72.8, 2.7, 7.5, 16, NULL, 'Grains');

-- Dumping structure for table healthyapp.meal
CREATE TABLE IF NOT EXISTS `meal` (
  `menu_id` int NOT NULL,
  `dish_order` int NOT NULL,
  `dish_id` int DEFAULT NULL,
  `meal_type` varchar(255) COLLATE utf8mb4_unicode_ci NOT NULL,
  PRIMARY KEY (`menu_id`,`dish_order`,`meal_type`),
  KEY `dish_id` (`dish_id`),
  CONSTRAINT `meal_ibfk_1` FOREIGN KEY (`dish_id`) REFERENCES `dish` (`id`),
  CONSTRAINT `meal_ibfk_2` FOREIGN KEY (`menu_id`) REFERENCES `suggested_menu` (`id`)
) ENGINE=InnoDB DEFAULT CHARSET=utf8mb4 COLLATE=utf8mb4_unicode_ci;

-- Dumping data for table healthyapp.meal: ~0 rows (approximately)

-- Dumping structure for table healthyapp.menu
CREATE TABLE IF NOT EXISTS `menu` (
  `id` int NOT NULL AUTO_INCREMENT,
  `name` varchar(255) COLLATE utf8mb4_unicode_ci DEFAULT NULL,
  PRIMARY KEY (`id`)
) ENGINE=InnoDB DEFAULT CHARSET=utf8mb4 COLLATE=utf8mb4_unicode_ci;

-- Dumping data for table healthyapp.menu: ~0 rows (approximately)

-- Dumping structure for table healthyapp.recipe
CREATE TABLE IF NOT EXISTS `recipe` (
  `ingredient_id` int NOT NULL,
  `dish_id` int NOT NULL,
  `unit` float DEFAULT NULL,
  PRIMARY KEY (`ingredient_id`,`dish_id`),
  KEY `dish_id` (`dish_id`),
  CONSTRAINT `recipe_ibfk_1` FOREIGN KEY (`dish_id`) REFERENCES `dish` (`id`),
  CONSTRAINT `recipe_ibfk_2` FOREIGN KEY (`ingredient_id`) REFERENCES `ingredient` (`id`)
) ENGINE=InnoDB DEFAULT CHARSET=utf8mb4 COLLATE=utf8mb4_unicode_ci;

-- Dumping data for table healthyapp.recipe: ~227 rows (approximately)
INSERT INTO `recipe` (`ingredient_id`, `dish_id`, `unit`) VALUES
	(1, 76, 0.5),
	(2, 1, 3),
	(2, 39, 1.5),
	(2, 40, 1.5),
	(2, 41, 1.5),
	(2, 42, 1.5),
	(2, 72, 2.5),
	(2, 73, 2.5),
	(6, 5, 2.5),
	(17, 4, 2.5),
	(19, 3, 3),
	(21, 11, 1),
	(22, 36, 0.5),
	(28, 49, 1),
	(28, 50, 0.5),
	(28, 75, 0.5),
	(30, 74, 0.8),
	(31, 42, 0.1),
	(33, 72, 0.3),
	(34, 32, 0.5),
	(36, 8, 1.5),
	(36, 10, 1.25),
	(36, 38, 0.5),
	(37, 50, 1),
	(37, 53, 1.5),
	(38, 9, 0.25),
	(41, 6, 1),
	(41, 8, 1),
	(41, 9, 1),
	(41, 10, 1),
	(41, 32, 1),
	(41, 56, 0.1),
	(43, 39, 1),
	(43, 66, 2),
	(44, 11, 2),
	(45, 36, 2),
	(45, 56, 2),
	(46, 6, 2),
	(46, 7, 2),
	(46, 10, 1.5),
	(46, 65, 2),
	(48, 9, 1.55),
	(48, 30, 0.5),
	(48, 35, 0.5),
	(48, 43, 1),
	(48, 57, 0.5),
	(50, 34, 2),
	(51, 12, 2),
	(52, 13, 2.5),
	(54, 67, 2),
	(57, 68, 2),
	(57, 71, 2),
	(59, 31, 1.5),
	(60, 69, 1),
	(64, 41, 1),
	(65, 29, 1),
	(66, 30, 0.5),
	(66, 64, 2),
	(70, 38, 0.5),
	(72, 8, 0.5),
	(73, 37, 2),
	(73, 57, 1.75),
	(74, 62, 0.5),
	(75, 14, 1),
	(75, 44, 1.5),
	(75, 45, 1.5),
	(75, 46, 1.5),
	(75, 47, 1.5),
	(75, 48, 1.5),
	(75, 49, 1.5),
	(75, 51, 1.5),
	(75, 52, 1.5),
	(75, 74, 1),
	(75, 76, 1),
	(77, 33, 2),
	(77, 54, 1.5),
	(77, 55, 1.5),
	(79, 40, 0.5),
	(81, 29, 1),
	(81, 68, 0.5),
	(82, 35, 1),
	(83, 32, 1),
	(83, 76, 0.5),
	(85, 10, 0.25),
	(85, 11, 1),
	(85, 13, 0.5),
	(85, 34, 0.5),
	(85, 37, 0.5),
	(86, 6, 0.5),
	(86, 11, 0.75),
	(86, 36, 0.5),
	(86, 39, 0.5),
	(86, 41, 0.5),
	(86, 46, 0.5),
	(87, 30, 1),
	(91, 58, 1),
	(91, 69, 1),
	(93, 38, 1),
	(96, 66, 1.5),
	(100, 70, 1),
	(101, 34, 1),
	(101, 35, 0.1),
	(101, 36, 0.1),
	(101, 37, 0.1),
	(101, 38, 0.1),
	(101, 39, 0.1),
	(101, 40, 0.1),
	(101, 41, 0.1),
	(101, 42, 0.1),
	(101, 43, 0.1),
	(101, 62, 0.1),
	(101, 67, 0.2),
	(101, 68, 0.1),
	(101, 70, 0.1),
	(103, 36, 0.2),
	(105, 31, 0.65),
	(108, 59, 1),
	(109, 31, 0.65),
	(110, 61, 1),
	(111, 60, 1),
	(115, 62, 1),
	(115, 63, 1),
	(116, 62, 0.5),
	(118, 15, 1),
	(119, 16, 1),
	(119, 47, 1),
	(120, 17, 1),
	(121, 18, 1),
	(122, 19, 1),
	(122, 45, 0.5),
	(122, 48, 0.3),
	(122, 51, 0.5),
	(123, 20, 1),
	(124, 21, 1),
	(125, 22, 1),
	(126, 13, 0.5),
	(126, 23, 1),
	(126, 34, 0.5),
	(126, 44, 0.5),
	(126, 48, 0.5),
	(127, 24, 1),
	(128, 25, 1),
	(129, 26, 1),
	(129, 55, 0.5),
	(130, 27, 1),
	(131, 28, 1),
	(131, 52, 1),
	(132, 45, 0.5),
	(138, 44, 0.5),
	(138, 48, 0.3),
	(138, 54, 0.5),
	(140, 46, 0.5),
	(141, 6, 0.2),
	(141, 7, 0.2),
	(141, 8, 0.2),
	(141, 9, 0.2),
	(141, 10, 0.2),
	(141, 12, 0.2),
	(141, 13, 0.2),
	(141, 56, 0.2),
	(142, 30, 0.2),
	(143, 72, 0.1),
	(144, 71, 0.2),
	(150, 6, 1),
	(150, 7, 1),
	(150, 11, 1),
	(150, 12, 1),
	(151, 7, 1),
	(151, 12, 1),
	(151, 13, 1),
	(151, 34, 1),
	(151, 71, 1),
	(152, 11, 1),
	(153, 12, 1),
	(153, 13, 1),
	(153, 32, 1),
	(153, 37, 1),
	(153, 69, 1),
	(155, 7, 1),
	(155, 71, 1),
	(156, 9, 1),
	(156, 10, 1),
	(156, 29, 1),
	(156, 30, 1),
	(156, 32, 1),
	(157, 29, 1),
	(157, 34, 1),
	(157, 38, 1),
	(158, 7, 1),
	(158, 8, 1),
	(158, 9, 1),
	(158, 10, 1),
	(158, 11, 1),
	(158, 12, 1),
	(158, 13, 1),
	(158, 29, 1),
	(158, 30, 1),
	(158, 31, 1),
	(158, 32, 1),
	(158, 34, 1),
	(158, 35, 1),
	(158, 36, 1),
	(158, 37, 1),
	(158, 38, 1),
	(158, 39, 1),
	(158, 40, 1),
	(158, 41, 1),
	(158, 42, 1),
	(158, 43, 1),
	(158, 56, 1),
	(158, 57, 1),
	(158, 58, 1),
	(158, 59, 1),
	(158, 60, 1),
	(158, 61, 1),
	(158, 62, 1),
	(158, 63, 1),
	(158, 66, 1),
	(158, 67, 1),
	(158, 68, 1),
	(158, 69, 1),
	(158, 70, 1),
	(158, 71, 1),
	(160, 2, 3),
	(160, 43, 1.5),
	(160, 74, 0.04),
	(160, 75, 2);

-- Dumping structure for table healthyapp.statistic
CREATE TABLE IF NOT EXISTS `statistic` (
  `user_id` int NOT NULL,
  `date` varchar(255) COLLATE utf8mb4_unicode_ci NOT NULL,
  `morning_calo` int DEFAULT NULL,
  `noon_calo` int DEFAULT NULL,
  `dinner_calo` int DEFAULT NULL,
  `snack_calo` int DEFAULT NULL,
  `exercise_calo` int DEFAULT NULL,
  `water` int DEFAULT NULL,
  PRIMARY KEY (`user_id`,`date`),
  CONSTRAINT `statistic_ibfk_1` FOREIGN KEY (`user_id`) REFERENCES `user` (`id`)
) ENGINE=InnoDB DEFAULT CHARSET=utf8mb4 COLLATE=utf8mb4_unicode_ci;

-- Dumping data for table healthyapp.statistic: ~0 rows (approximately)

-- Dumping structure for table healthyapp.subscription
CREATE TABLE IF NOT EXISTS `subscription` (
  `user_id` int NOT NULL,
  `is_activate` tinyint(1) DEFAULT NULL,
  `start_date` datetime DEFAULT NULL,
  `is_paid` tinyint(1) DEFAULT NULL,
  `cost` decimal(10,2) DEFAULT NULL,
  PRIMARY KEY (`user_id`),
  CONSTRAINT `subscription_ibfk_1` FOREIGN KEY (`user_id`) REFERENCES `user` (`id`)
) ENGINE=InnoDB DEFAULT CHARSET=utf8mb4 COLLATE=utf8mb4_unicode_ci;

-- Dumping data for table healthyapp.subscription: ~0 rows (approximately)

-- Dumping structure for table healthyapp.suggested_menu
CREATE TABLE IF NOT EXISTS `suggested_menu` (
  `id` int NOT NULL AUTO_INCREMENT,
  `user_id` int DEFAULT NULL,
  `fitness_Score` int DEFAULT NULL,
  `date_suggest` datetime DEFAULT NULL,
  `num_suggest` int DEFAULT NULL,
  PRIMARY KEY (`id`),
  KEY `user_id` (`user_id`),
  CONSTRAINT `suggested_menu_ibfk_1` FOREIGN KEY (`user_id`) REFERENCES `user` (`id`)
) ENGINE=InnoDB DEFAULT CHARSET=utf8mb4 COLLATE=utf8mb4_unicode_ci;

-- Dumping data for table healthyapp.suggested_menu: ~0 rows (approximately)

-- Dumping structure for table healthyapp.user
CREATE TABLE IF NOT EXISTS `user` (
  `id` int NOT NULL AUTO_INCREMENT,
  `username` varchar(255) COLLATE utf8mb4_unicode_ci DEFAULT NULL,
  `age` int DEFAULT NULL,
  `height` int DEFAULT NULL,
  `weight` int DEFAULT NULL,
  `gender` varchar(255) COLLATE utf8mb4_unicode_ci DEFAULT NULL,
  `exercise` varchar(255) COLLATE utf8mb4_unicode_ci DEFAULT NULL,
  `aim` varchar(255) COLLATE utf8mb4_unicode_ci DEFAULT NULL,
  `disease_id` int DEFAULT NULL,
  `is_deleted` tinyint(1) DEFAULT NULL,
  `account_id` int DEFAULT NULL,
  PRIMARY KEY (`id`),
  KEY `account_id` (`account_id`),
  KEY `disease_id` (`disease_id`),
  CONSTRAINT `user_ibfk_1` FOREIGN KEY (`account_id`) REFERENCES `account` (`id`),
  CONSTRAINT `user_ibfk_2` FOREIGN KEY (`disease_id`) REFERENCES `disease` (`id`)
) ENGINE=InnoDB AUTO_INCREMENT=52 DEFAULT CHARSET=utf8mb4 COLLATE=utf8mb4_unicode_ci;

-- Dumping data for table healthyapp.user: ~50 rows (approximately)
INSERT INTO `user` (`id`, `username`, `age`, `height`, `weight`, `gender`, `exercise`, `aim`, `disease_id`, `is_deleted`, `account_id`) VALUES
	(1, 'user_1', 21, 152, 60, 'female', 'Vận động nhẹ (1-3 ngày/tuần)', 'Giảm cân', 3, 0, NULL),
	(2, 'user_2', 20, 156, 50, 'female', 'Vận động nhẹ (1-3 ngày/tuần)', 'Giảm cân', 3, 0, NULL),
	(3, 'user_3', 26, 152, 48, 'female', 'Vận động vừa phải (4-5 ngày/tuần)', 'Giữ cân', 3, 0, NULL),
	(4, 'user_4', 20, 178, 76, 'male', 'Vận động vừa phải (4-5 ngày/tuần)', 'Giữ cân', 3, 0, NULL),
	(5, 'user_5', 15, 160, 46, 'male', 'Vận động nhiều (6-7 ngày/tuần)', 'Tăng cân', 3, 0, NULL),
	(6, 'user_6', 11, 145, 37, 'female', 'Vận động nhẹ (1-3 ngày/tuần)', 'Tăng cân', 3, 0, NULL),
	(7, 'user_7', 27, 173, 70, 'male', 'Vận động vừa phải (4-5 ngày/tuần)', 'Giữ cân', 3, 0, NULL),
	(8, 'user_8', 53, 165, 70, 'male', 'Vận động nhiều (6-7 ngày/tuần)', 'Giữ cân', 3, 0, NULL),
	(9, 'user_9', 52, 151, 50, 'female', 'Vận động nhiều (6-7 ngày/tuần)', 'Giữ cân', 3, 0, NULL),
	(10, 'user_10', 28, 148, 40, 'female', 'Vận động nhẹ (1-3 ngày/tuần)', 'Giữ cân', 3, 0, NULL),
	(11, 'user_11', 22, 160, 52, 'female', 'Vận động nhẹ (1-3 ngày/tuần)', 'Giảm cân', 3, 0, NULL),
	(12, 'user_12', 20, 164, 50, 'female', 'Không vận động', 'Giảm cân', 3, 0, NULL),
	(13, 'user_13', 85, 145, 36, 'female', 'Không vận động', 'Tăng cân', 2, 0, NULL),
	(14, 'user_14', 55, 168, 68, 'male', 'Vận động vừa phải (4-5 ngày/tuần)', 'Giữ cân', 1, 0, NULL),
	(15, 'user_15', 4, 100, 20, 'male', 'Không vận động', 'Tăng cân', 3, 0, NULL),
	(16, 'user_16', 20, 170, 52, 'male', 'Vận động nhẹ (1-3 ngày/tuần)', 'Tăng cân', 3, 0, NULL),
	(17, 'user_17', 55, 160, 60, 'male', 'Vận động nhẹ (1-3 ngày/tuần)', 'Giữ cân', 3, 0, NULL),
	(18, 'user_18', 60, 155, 55, 'female', 'Vận động nhẹ (1-3 ngày/tuần)', 'Tăng cân', 3, 0, NULL),
	(19, 'user_19', 10, 130, 32, 'female', 'Không vận động', 'Tăng cân', 3, 0, NULL),
	(20, 'user_20', 8, 110, 25, 'female', 'Không vận động', 'Tăng cân', 3, 0, NULL),
	(21, 'user_21', 30, 155, 48, 'female', 'Không vận động', 'Giữ cân', 3, 0, NULL),
	(22, 'user_22', 32, 170, 60, 'male', 'Vận động vừa phải (4-5 ngày/tuần)', 'Giữ cân', 3, 0, NULL),
	(23, 'user_23', 29, 150, 60, 'female', 'Không vận động', 'Giảm cân', 3, 0, NULL),
	(24, 'user_24', 36, 160, 60, 'male', 'Vận động vừa phải (4-5 ngày/tuần)', 'Giữ cân', 3, 0, NULL),
	(25, 'user_25', 21, 155, 45, 'female', 'Không vận động', 'Giữ cân', 3, 0, NULL),
	(26, 'user_26', 21, 173, 71, 'male', 'Vận động nhẹ (1-3 ngày/tuần)', 'Giảm cân', 3, 0, NULL),
	(27, 'user_27', 15, 159, 50, 'female', 'Không vận động', 'Giữ cân', 3, 0, NULL),
	(28, 'user_28', 51, 168, 60, 'male', 'Không vận động', 'Giữ cân', 3, 0, NULL),
	(29, 'user_29', 47, 151, 49, 'female', 'Không vận động', 'Giữ cân', 3, 0, NULL),
	(30, 'user_30', 21, 175, 80, 'male', 'Vận động nhẹ (1-3 ngày/tuần)', 'Giảm cân', 3, 0, NULL),
	(31, 'user_31', 21, 176, 60, 'male', 'Vận động vừa phải (4-5 ngày/tuần)', 'Giữ cân', 3, 0, NULL),
	(32, 'user_32', 20, 177, 75, 'male', 'Vận động nhẹ (1-3 ngày/tuần)', 'Giữ cân', 3, 0, NULL),
	(33, 'user_33', 30, 177, 75, 'male', 'Vận động vừa phải (4-5 ngày/tuần)', 'Giữ cân', 3, 0, NULL),
	(34, 'user_34', 12, 141, 38, 'female', 'Không vận động', 'Giảm cân', 3, 0, NULL),
	(35, 'user_35', 12, 140, 35, 'female', 'Không vận động', 'Giảm cân', 3, 0, NULL),
	(36, 'user_36', 42, 168, 70, 'male', 'Vận động vừa phải (4-5 ngày/tuần)', 'Giảm cân', 3, 0, NULL),
	(37, 'user_37', 7, 120, 24, 'male', 'Không vận động', 'Giữ cân', 3, 0, NULL),
	(38, 'user_38', 65, 148, 55, 'female', 'Không vận động', 'Giữ cân', 1, 0, NULL),
	(39, 'user_39', 67, 165, 70, 'male', 'Vận động nhẹ (1-3 ngày/tuần)', 'Giữ cân', 3, 0, NULL),
	(40, 'user_40', 21, 158, 48, 'female', 'Không vận động', 'Giữ cân', 3, 0, NULL),
	(41, 'user_41', 21, 170, 69, 'male', 'Vận động nhẹ (1-3 ngày/tuần)', 'Giữ cân', 3, 0, NULL),
	(42, 'user_42', 21, 150, 45, 'female', 'Không vận động', 'Giữ cân', 3, 0, NULL),
	(43, 'user_43', 35, 180, 75, 'male', 'Vận động nhiều (6-7 ngày/tuần)', 'Giữ cân', 3, 0, NULL),
	(44, 'user_44', 58, 172, 80, 'male', 'Không vận động', 'Giảm cân', 1, 0, NULL),
	(45, 'user_45', 12, 128, 35, 'male', 'Không vận động', 'Tăng cân', 3, 0, NULL),
	(46, 'user_46', 20, 160, 45, 'female', 'Vận động nhẹ (1-3 ngày/tuần)', 'Giữ cân', 3, 0, NULL),
	(47, 'user_47', 21, 159, 47, 'female', 'Vận động nhẹ (1-3 ngày/tuần)', 'Giữ cân', 3, 0, NULL),
	(48, 'user_48', 54, 168, 68, 'male', 'Vận động nhiều (6-7 ngày/tuần)', 'Giữ cân', 3, 0, NULL),
	(49, 'user_49', 51, 148, 43, 'female', 'Vận động nhiều (6-7 ngày/tuần)', 'Tăng cân', 3, 0, NULL),
	(50, 'user_50', 21, 155, 60, 'female', 'Vận động nhẹ (1-3 ngày/tuần)', 'Giảm cân', 3, 0, NULL),
	(51, 'Hoàng Mạnh Thắng', 21, 173, 71, 'male', NULL, 'Giữ cân', NULL, 0, 1);

/*!40103 SET TIME_ZONE=IFNULL(@OLD_TIME_ZONE, 'system') */;
/*!40101 SET SQL_MODE=IFNULL(@OLD_SQL_MODE, '') */;
/*!40014 SET FOREIGN_KEY_CHECKS=IFNULL(@OLD_FOREIGN_KEY_CHECKS, 1) */;
/*!40101 SET CHARACTER_SET_CLIENT=@OLD_CHARACTER_SET_CLIENT */;
/*!40111 SET SQL_NOTES=IFNULL(@OLD_SQL_NOTES, 1) */;
